source	kind	1.9.32.0	1.7.104.0	1.6.1170.0	w	h	cov	rgb	dhash
startmenu	shape	24	104	100	15	16	0.268	878889	4161330f1e333121
startmenu	shape	26	101	97	18	17	0.330	858688	0c1733616171330f
startmenu	shape	28	526	516	15	15	0.409	7e7f80	0003616161610301
startmenu	shape	47	510	500	41	17	0.300	3e3e3f	61313313160e0c0c
startmenu	shape	50	515	505	330	837	0.497	030303	01c0c00101010101
startmenu	shape	62	553	540	11	16	0.505	fafafa	0141414141414101
startmenu	shape	65	556	543	15	20	0.390	747474	080c0e0f1f0d2b03
startmenu	shape	69	560	547	15	28	0.313	bdbdbd	6161616161616161
startmenu	shape	78	567	554	621	292	0.262	bbbdbf	182c6ceeca4c3818
startmenu	shape	8	55	51	19	17	0.238	919294	080c0c1613333101
startmenu	shape	85	582	569	342	837	0.583	020202	0101010101010101
startmenu	shape	91	590	577	31	33	0.218	ffffff	011509564a291501
startmenu	shape	10	284	280	13	17	0.477	7d7e7f	33331337372d2d29
startmenu	shape	12	7	3	11	17	0.291	7b7c7d	331313060e0c0c0c
startmenu	shape	14	9	5	38	28	0.810	202121	0303010101010303
startmenu	shape	16	233	229	29	16	0.392	7a7b7c	606cce1aabab2b6b
startmenu	shape	18	52	48	11	17	0.298	838486	080c061617131311
startmenu	shape	2	106	102	29	28	0.756	1f2020	0707030303030707
startmenu	shape	20	49	45	9	17	0.427	808283	183f33373733330f
startmenu	shape	22	529	519	10	17	0.327	7b7c7d	31190b0f060b1b19
startmenu	shape	30	15	11	21	18	0.366	7b7d7e	0272321b13131b29
startmenu	shape	32	535	522	180	30	0.848	005090	0101010101010101
startmenu	shape	39	502	492	104	104	0.925	656665	0101010101010101
startmenu	shape	4	523	513	11	17	0.345	7d7e7f	1313030606071319
startmenu	shape	6	5	1	29	29	0.603	222323	0e0f070303070f0e
startmenu	shape	81	575	562	435	109	0.890	0a0a0a	8001010101010180
startmenu	shape	94	593	580	242	837	0.580	020202	0101010101010101
creditsmenu	bitmap	2	2	2	129	244	0.306	565c5f	322b694d692b0a0c
creditsmenu	bitmap	3	19	3	400	74	0.160	d1d0c9	010154454d510000
creditsmenu	bitmap	4	20	4	176	100	0.155	98abaf	181c34255b351c18
loadingmenu	shape	10	10	10	180	21	0.883	990000	0101010101010101
loadingmenu	shape	5	5	5	223	25	0.470	1e1f1f	0101010101010101
loadingmenu	shape	12	12	12	179	14	0.830	7790b9	0001010101010101
loadingmenu	shape	6	6	6	282	14	0.850	687e9a	0001010101010101
loadingmenu	shape	8	8	8	180	14	0.097	0e0e0d	0001010101000000
hudmenu	shape	130	401	401	15	16	0.268	878889	4161330f1e333121
hudmenu	shape	132	399	399	18	17	0.330	858688	0c1733616171330f
hudmenu	shape	140	389	389	9	9	0.328	430016	000e0e0f0f0e1e00
hudmenu	shape	142	139	139	25	45	0.342	48494a	0c0e0f13170e0e0c
hudmenu	shape	144	148	148	40	71	0.821	4a4b4c	0f07330d29250101
hudmenu	shape	146	391	391	40	71	0.821	5c5d5e	0f07330d29250101
hudmenu	shape	149	141	141	26	53	0.505	474848	0c0e1f170f070723
hudmenu	shape	152	150	150	44	38	0.538	5b595b	3436071733333171
hudmenu	shape	154	152	152	42	42	0.390	727375	0003131b233f1606
hudmenu	shape	156	154	154	42	42	0.390	727375	101e03332f3f3e70
hudmenu	shape	162	160	160	46	36	0.581	747375	2f2f2b0f4d2d0f2f
hudmenu	shape	164	162	162	42	40	0.712	525354	554d4d7555654d01
hudmenu	shape	166	164	164	34	44	0.667	4c4d4e	313339292b13170e
hudmenu	shape	168	166	166	46	44	0.497	4f5051	0c0e0f130f133333
hudmenu	shape	170	168	168	29	44	0.647	676869	23232b4d692b1f0e
hudmenu	shape	176	174	174	36	44	0.689	616263	11510f331717170e
hudmenu	shape	178	176	176	36	44	0.592	535354	16160f4d5555170e
hudmenu	shape	180	178	178	54	44	0.578	626364	3317175517170e0c
hudmenu	shape	182	180	180	36	44	0.566	454646	030303070b6b3723
hudmenu	shape	184	182	182	32	44	0.633	686a6b	311355116d330f0e
hudmenu	shape	186	184	184	32	44	0.463	48494a	0c0e0e16172b2b0f
hudmenu	shape	188	186	186	30	44	0.618	636465	0f33252d190b070e
hudmenu	shape	190	188	188	34	44	0.622	565757	55130b0b1b1b130f
hudmenu	shape	192	190	190	30	42	0.613	666768	3c1f4d2d0f2b170e
hudmenu	shape	194	192	192	30	44	0.476	636465	0c0e160f4565270f
hudmenu	shape	196	194	194	42	44	0.572	6b6c6d	311f2b0f2b4d0f0e
hudmenu	shape	198	196	196	36	44	0.486	3a3a3b	0c0e0e0e07173333
hudmenu	shape	200	198	198	32	44	0.576	555556	0e0f07170f0b1301
hudmenu	shape	202	200	200	32	44	0.428	6c6d6e	0c0f0f0c0f2f2f0f
hudmenu	shape	204	202	202	44	36	0.541	565758	0e0f2b296d6d0d0f
hudmenu	shape	206	204	204	30	44	0.613	414243	1c0f2f030d0d1b07
hudmenu	shape	208	206	206	44	44	0.456	505152	0c0c361f0f050f0e
hudmenu	shape	210	208	208	44	44	0.541	646566	0c4f5556c44d1333
hudmenu	shape	212	210	210	44	42	0.510	575859	080c0f0f0f172b0f
hudmenu	shape	216	214	214	34	44	0.712	48494a	07332d312b2f070f
hudmenu	shape	218	216	216	38	44	0.545	5b5c5d	0c0e0e170f070301
hudmenu	shape	220	218	218	42	44	0.439	4d4d4e	0c0c17131b171f0c
hudmenu	shape	222	220	220	45	38	0.458	5c5d5e	6161333331177363
hudmenu	shape	224	222	222	24	44	0.663	4c4d4e	7f3f1b0f0b030f0e
hudmenu	shape	226	224	224	32	40	0.610	606163	0f13137171713331
hudmenu	shape	228	226	226	42	42	0.635	555657	0e0f03030f2b0f01
hudmenu	shape	230	228	228	36	44	0.442	575859	233317073b0f160e
hudmenu	shape	232	230	230	22	44	0.632	5c5d5e	0f073b6b5507070f
hudmenu	shape	234	232	232	36	42	0.608	4e4f4f	0e172b6d07030707
hudmenu	shape	236	234	234	26	44	0.434	7a7b7d	0c06131b2f0f060c
hudmenu	shape	238	236	236	40	40	0.463	6b6c6e	1b3331454e973333
hudmenu	shape	240	238	238	44	44	0.658	5c5d5e	0c264e561e275769
hudmenu	shape	242	240	240	34	44	0.492	636465	080d353737170909
hudmenu	shape	244	242	242	32	45	0.392	6d6e6f	333313170f0e0f0e
hudmenu	shape	246	244	244	22	42	0.618	5b5c5d	03032b2b13070e0e
hudmenu	shape	248	246	246	24	44	0.552	6a6c6d	0c0f0f0d2b0f0b4d
hudmenu	shape	250	248	248	34	42	0.601	5a5b5c	0c0f0e0d0531030f
hudmenu	shape	252	250	250	28	44	0.576	535455	0e0f132b29290f0e
hudmenu	shape	254	252	252	34	44	0.433	707172	0c0c0e0f172b0f0c
hudmenu	shape	256	254	254	28	44	0.620	4c4d4e	2b15370d03030f0e
hudmenu	shape	258	256	256	32	42	0.390	727374	160e0c0e17173333
hudmenu	shape	264	262	262	36	42	0.481	565758	04060f070713330f
hudmenu	shape	266	264	264	30	44	0.496	5b5c5d	181c1e1f452b0f0e
hudmenu	shape	268	371	371	34	44	0.667	6f7071	313339292b13170e
hudmenu	shape	270	363	363	46	44	0.497	757678	0c0e0f130f133333
hudmenu	shape	272	368	368	29	44	0.648	545556	23332b4d692b1f0e
hudmenu	shape	278	361	361	36	44	0.689	5a5b5c	11510f331717170e
hudmenu	shape	280	359	359	36	44	0.592	686a6b	16160f4d5555170e
hudmenu	shape	282	357	357	54	44	0.578	626365	3317175517170e0c
hudmenu	shape	284	355	355	36	44	0.566	767779	030303070b6b3723
hudmenu	shape	286	353	353	32	44	0.633	535454	311755116d330f0e
hudmenu	shape	288	351	351	32	44	0.463	737475	0c0e0e16172b2b0f
hudmenu	shape	290	349	349	30	44	0.618	58595a	0f33252d190b070e
hudmenu	shape	292	347	347	34	44	0.622	5c5d5e	55130b0b1b1b130f
hudmenu	shape	294	345	345	30	42	0.613	616263	3c1f4d2d0f2b170e
hudmenu	shape	296	343	343	30	44	0.476	58595a	0c0e160f4565270f
hudmenu	shape	298	341	341	42	44	0.572	505152	311f2b0f2b4d0f0e
hudmenu	shape	300	339	339	36	44	0.486	818384	0c0e0e0e07173333
hudmenu	shape	302	337	337	32	44	0.576	5f6061	0e0f07170f0b1301
hudmenu	shape	304	335	335	32	44	0.428	565758	0c0f0f0c0f2f2f0f
hudmenu	shape	306	333	333	44	36	0.541	656667	0e0f2b296d6d0d0f
hudmenu	shape	308	331	331	30	44	0.613	7a7b7c	1c0f2f030d0d1b07
hudmenu	shape	310	329	329	44	44	0.456	747576	0c0c361f0f050f0e
hudmenu	shape	312	327	327	44	44	0.542	4e4f4f	0c4f5556c44d1333
hudmenu	shape	314	325	325	44	42	0.510	646566	080c0f0f0f172b0f
hudmenu	shape	316	323	323	28	44	0.544	616263	0f07070f0b070701
hudmenu	shape	318	321	321	34	44	0.711	737476	07332d312b2f070f
hudmenu	shape	320	319	319	38	44	0.545	5a5b5c	0c0e0e170f070301
hudmenu	shape	322	317	317	42	44	0.439	6e7071	0c0c17131b171f0c
hudmenu	shape	324	315	315	45	38	0.458	5f6061	6161333331177363
hudmenu	shape	326	313	313	24	44	0.663	68696a	7f3f1b0f0b030f0e
hudmenu	shape	328	311	311	32	40	0.610	5b5c5c	0f13137171713331
hudmenu	shape	330	309	309	42	42	0.635	6e6f71	0e0f03030f2b0f01
hudmenu	shape	332	307	307	36	44	0.442	646566	233317073b0f160e
hudmenu	shape	334	305	305	22	44	0.632	5f6061	0f073b6b5507070f
hudmenu	shape	336	303	303	36	42	0.608	777879	0e172b6d07030707
hudmenu	shape	338	301	301	26	44	0.434	4e4e4f	0c06131b2f0f0e0c
hudmenu	shape	340	299	299	40	40	0.463	595a5b	1b3331454e973333
hudmenu	shape	342	297	297	44	44	0.658	5f6061	0c264e561e275769
hudmenu	shape	344	295	295	34	44	0.492	58595a	080d353737170909
hudmenu	shape	346	293	293	32	45	0.392	575859	333313170f0e0f0e
hudmenu	shape	348	291	291	22	42	0.620	696a6b	03032b2b13070e0e
hudmenu	shape	350	289	289	24	44	0.552	5b5c5d	0c0f0f0d2b0f0b4d
hudmenu	shape	352	287	287	34	42	0.600	696a6b	0c0f0e0d05310307
hudmenu	shape	354	285	285	28	44	0.576	6e6f70	0e0f132b29290f0e
hudmenu	shape	356	283	283	34	44	0.433	545556	0c0c0e0f172b0f0c
hudmenu	shape	373	269	269	32	32	0.607	562a2a	0e0703010103070e
hudmenu	shape	423	446	446	358	25	0.170	990000	0180808080808001
hudmenu	shape	432	455	455	373	36	0.050	b6d0ea	8080808080808080
hudmenu	shape	444	467	467	366	30	0.786	1f1f1f	0101010101010101
hudmenu	shape	451	488	488	27	45	0.300	5f5d5f	61170f0e0e0c0c08
hudmenu	shape	459	496	496	91	92	0.074	444545	0c0c0c33330c0c08
hudmenu	shape	471	508	508	12	12	0.301	1d1d1d	000e0321252b070e
hudmenu	shape	475	512	512	8	8	0.052	000000	00000613130a0400
hudmenu	shape	477	514	514	8	8	0.058	020202	00040613131b0600
hudmenu	shape	479	516	516	8	8	0.065	030303	000e0713111b0600
hudmenu	shape	481	518	518	8	9	0.065	080808	00061b31311b0e00
hudmenu	shape	483	520	520	10	9	0.058	070707	000e1b3131130f04
hudmenu	shape	485	522	522	10	10	0.057	0a0a0a	00000f1931110706
hudmenu	shape	487	524	524	10	10	0.063	0a0a0a	0004073921310706
hudmenu	shape	489	526	526	10	10	0.070	0b0b0b	0006073121311b06
hudmenu	shape	491	528	528	10	10	0.075	0e0e0e	00060f3121311b07
hudmenu	shape	493	530	530	10	10	0.083	151515	0006073121311b07
hudmenu	shape	495	532	532	11	11	0.076	1a1a1a	000e332321330e08
hudmenu	shape	497	534	534	12	11	0.074	181818	000e132121330e0c
hudmenu	shape	499	536	536	12	12	0.074	1a1a1a	000e173121330f0c
hudmenu	shape	501	538	538	12	12	0.080	191919	000e132121330f0c
hudmenu	shape	503	540	540	12	12	0.086	1c1c1c	000f132121330f0e
hudmenu	shape	505	542	542	12	12	0.094	2f2f2f	000f132121310f0e
hudmenu	shape	507	544	544	12	13	0.092	3f3f3f	000f332121330f00
hudmenu	shape	509	546	546	13	13	0.092	404040	000e332323331708
hudmenu	shape	511	548	548	14	13	0.090	424242	000f13313131070c
hudmenu	shape	513	550	550	14	14	0.090	3e3e3e	000f13312131130c
hudmenu	shape	515	552	552	14	14	0.094	404040	000f133121311b0e
hudmenu	shape	517	554	554	14	14	0.101	454545	000f13312131130e
hudmenu	shape	519	556	556	14	14	0.107	4e4e4e	000f33216131130e
hudmenu	shape	521	558	558	15	15	0.099	565656	000f336161330f00
hudmenu	shape	523	560	560	15	15	0.105	565656	000f336161331f08
hudmenu	shape	525	562	562	16	16	0.098	545454	000f332121330f0c
hudmenu	shape	527	564	564	16	16	0.105	595959	040f33212133070e
hudmenu	shape	529	566	566	16	16	0.109	575757	0c0f33212131170e
hudmenu	shape	531	568	568	16	16	0.116	5b5b5b	0e07332121311f0e
hudmenu	shape	533	570	570	16	16	0.122	5d5d5d	0e0731212131130e
hudmenu	shape	535	572	572	17	17	0.114	5b5b5b	0e0733616133170e
hudmenu	shape	537	574	574	17	17	0.119	5d5d5d	0e1733616133170e
hudmenu	shape	539	576	576	18	18	0.112	606060	000f33616123170e
hudmenu	shape	541	578	578	18	18	0.118	5f5f5f	080f33616121170e
hudmenu	shape	543	580	580	18	18	0.123	636363	0c0f33616121130e
hudmenu	shape	545	582	582	18	18	0.130	636363	0c0f33616161330e
hudmenu	shape	547	584	584	19	19	0.122	626262	0e0f33616131170e
hudmenu	shape	549	586	586	19	19	0.129	646464	0e0f33616131170e
hudmenu	shape	551	588	588	20	19	0.127	646464	0e0731216131070e
hudmenu	shape	553	590	590	20	20	0.126	646464	080f33216131170e
hudmenu	shape	555	592	592	20	20	0.132	676767	0c0731616131170e
hudmenu	shape	557	594	594	20	20	0.138	666666	0c0731616131130f
hudmenu	shape	559	596	596	20	20	0.144	6a6a6a	0c0731616131130f
hudmenu	shape	561	598	598	21	21	0.135	696969	0c1733616123170e
hudmenu	shape	563	600	600	21	21	0.141	686868	0c1733616123170e
hudmenu	shape	565	602	602	22	22	0.134	686868	000f33216131130e
hudmenu	shape	567	604	604	22	22	0.139	6a6a6a	080f33616131130e
hudmenu	shape	569	606	606	22	22	0.145	6d6d6d	0c0f31616121130e
hudmenu	shape	571	608	608	22	22	0.150	6d6d6d	0c0731616121130e
hudmenu	shape	573	610	610	23	23	0.143	6d6d6d	0c0733616131170e
hudmenu	shape	575	612	612	23	23	0.149	6a6a6a	0c0733616131170e
hudmenu	shape	577	614	614	23	23	0.154	6f6f6f	0e1731614131170e
hudmenu	shape	579	616	616	24	24	0.146	6c6c6c	0e1731616131170e
hudmenu	shape	581	618	618	24	24	0.152	6d6d6d	0e1731616131130e
hudmenu	shape	583	620	620	24	24	0.158	6e6e6e	0e1731616131130e
hudmenu	shape	585	622	622	24	24	0.164	6f6f6f	0e1731616121130e
hudmenu	shape	587	624	624	25	25	0.156	6f6f6f	0e1731616161130e
hudmenu	shape	589	626	626	25	25	0.162	707070	0e1731616161330e
hudmenu	shape	591	628	628	25	25	0.168	717171	0e1371616161330e
hudmenu	shape	593	630	630	26	26	0.161	6f6f6f	0e0733616131130e
hudmenu	shape	595	632	632	26	26	0.167	717171	0e0731616131130f
hudmenu	shape	597	634	634	26	26	0.172	727272	0e0731616121130f
hudmenu	shape	599	636	636	27	26	0.173	717171	0e1733614161330e
hudmenu	shape	601	638	638	27	27	0.171	737373	0e1773414171170e
hudmenu	shape	603	640	640	27	27	0.178	727272	0e1771414161370e
hudmenu	shape	605	642	642	27	27	0.182	737373	0e1771414161370e
hudmenu	shape	607	644	644	28	28	0.175	727272	0e1731616171130f
hudmenu	shape	609	646	646	28	28	0.182	747474	0e1331616171130f
hudmenu	shape	611	648	648	28	28	0.186	737373	0e1331616171130f
hudmenu	shape	613	650	650	29	29	0.179	737373	0e1731616161130e
hudmenu	shape	615	652	652	29	29	0.185	747474	0e1371616161330e
hudmenu	shape	617	654	654	29	29	0.191	737373	0e1371616161330e
hudmenu	shape	619	656	656	30	30	0.183	737373	0c1731616161330e
hudmenu	shape	621	658	658	30	30	0.189	727272	0e1731616161330e
hudmenu	shape	623	660	660	30	30	0.195	727272	0e1731616161330f
hudmenu	shape	625	662	662	31	30	0.194	737373	0e1731616161330e
hudmenu	shape	627	664	664	31	31	0.193	737373	0e1771616171130e
hudmenu	shape	629	666	666	31	31	0.198	737373	0e1771616171130e
hudmenu	shape	631	668	668	31	31	0.204	737373	0e1771616161330e
hudmenu	shape	633	670	670	32	32	0.197	737373	0e1331616171130f
hudmenu	shape	635	672	672	32	32	0.202	747474	0e1371616171330f
hudmenu	shape	637	674	674	32	32	0.207	757575	0f1371616171330f
hudmenu	shape	639	676	676	33	32	0.206	747474	0e3361616161330e
hudmenu	shape	641	678	678	33	33	0.205	757575	0e3361614161330f
hudmenu	shape	643	680	680	33	33	0.211	747474	0e3361414161330f
hudmenu	shape	645	682	682	33	33	0.218	747474	0f3361414161330f
hudmenu	shape	658	695	695	92	42	0.284	343434	0e0f71e0e071130e
hudmenu	shape	665	702	702	37	36	0.224	767676	0e3361614161330f
hudmenu	shape	666	703	703	92	42	0.289	343434	0e0f71e0e071330f
hudmenu	shape	731	774	774	202	26	0.000	000000	0000000000000000
hudmenu	shape	740	783	783	369	20	0.836	333333	0101010101010101
hudmenu	shape	742	785	785	380	20	0.846	7b849c	0101010101010101
hudmenu	shape	746	789	789	379	20	0.000	000000	0000000000000000
hudmenu	shape	755	798	798	258	16	0.714	2c2d2d	0101010101010101
hudmenu	shape	760	803	803	233	7	0.550	bf2626	0000010101010100
hudmenu	shape	124	393	393	29	29	0.603	222323	0e0f070303070f0e
hudmenu	shape	126	397	397	11	17	0.298	7e7f81	0c06060613131319
hudmenu	shape	128	395	395	9	17	0.427	808283	183f33373733330f
hudmenu	shape	134	403	403	28	28	0.784	202021	0703030101030307
hudmenu	shape	136	405	405	19	17	0.373	7a7c7d	033323291616172d
hudmenu	shape	138	407	407	9	17	0.370	838586	0713101616101607
hudmenu	shape	158	156	156	46	38	0.468	4d4e4e	0607314f0e0e0b17
hudmenu	shape	160	158	158	34	42	0.483	4a4a4b	0c0e0e4e474d4d01
hudmenu	shape	173	171	171	42	44	0.623	525354	030f1739231b070c
hudmenu	shape	214	212	212	28	44	0.544	535354	0f07070f0b070701
hudmenu	shape	260	258	258	42	44	0.433	4d4e4f	0c0e0f0f13333313
hudmenu	shape	262	260	260	34	44	0.459	525354	160e0e07130f170e
hudmenu	shape	275	365	365	42	44	0.623	696a6b	030f1739231b070c
hudmenu	shape	358	281	281	28	44	0.618	797a7b	2b15370d03030f0e
hudmenu	shape	360	279	279	32	42	0.390	535354	160e0c0e17173333
hudmenu	shape	362	277	277	42	45	0.424	747577	0c0e0f0f13333313
hudmenu	shape	364	275	275	34	44	0.459	717274	160e0e07130f170e
hudmenu	shape	366	273	273	36	43	0.471	6c6d6f	04060f070713370f
hudmenu	shape	368	271	271	30	44	0.496	6a6b6c	181c1e1f452b0f0e
hudmenu	shape	370	266	266	25	45	0.342	426e6e	0c0e0f13070e0e0c
hudmenu	shape	371	267	267	24	45	0.383	494a4b	0c0f1b1d1f0f0e1c
hudmenu	shape	375	373	373	42	40	0.713	67696a	554d4d754d654d01
hudmenu	shape	377	375	375	45	36	0.595	5f5d5f	0a0b2b0f0d4b0f2f
hudmenu	shape	379	377	377	34	42	0.483	717374	0c0e0e4e4f4d4d01
hudmenu	shape	381	379	379	46	38	0.468	6d6e70	0607314f0e0e0b17
hudmenu	shape	383	381	381	42	42	0.392	494a4b	101e073b2f373e70
hudmenu	shape	385	383	383	42	42	0.391	494a4b	0003030b331f1606
hudmenu	shape	387	385	385	44	38	0.538	7f7f80	3436071733333171
hudmenu	shape	400	423	423	223	25	0.466	202020	0101010101010101
hudmenu	shape	401	424	424	232	30	0.285	ffffff	010141c080414101
hudmenu	shape	404	427	427	282	14	0.850	687e9a	0001010101010101
hudmenu	shape	406	429	429	180	14	0.097	0e0e0d	0001010101000000
hudmenu	shape	408	431	431	4	22	0.203	990000	0a0a0a0a0a0a0a0a
hudmenu	shape	409	432	432	179	14	0.830	8091a7	0001010101010101
hudmenu	shape	419	442	442	180	30	0.848	005090	0101010101010101
hudmenu	shape	424	447	447	184	39	0.909	81b1ef	0101010101010101
hudmenu	shape	426	449	449	184	39	0.909	81b0ef	0101010101010101
hudmenu	shape	428	451	451	132	4	0.224	c2ddf8	00000f0f0f0f0000
hudmenu	shape	429	452	452	121	15	0.153	c2ddf8	000c0f0f0f0f0e00
hudmenu	shape	446	483	483	293	36	0.938	00ccff	0101010101010101
hudmenu	shape	448	485	485	1460	16	0.011	cccccc	2b6b6b6b6b6b6b29
hudmenu	shape	454	491	491	374	36	0.424	c0dcf9	0101018080010101
hudmenu	shape	460	497	497	28	39	0.141	454546	0c0c0e0e0e0f0f0f
hudmenu	shape	462	499	499	39	27	0.147	444545	40607f3f3f7f6060
hudmenu	shape	464	501	501	27	39	0.147	454646	0e0f0f0e0e0c0c0c
hudmenu	shape	466	503	503	39	27	0.147	444545	0101010303010101
hudmenu	shape	472	509	509	95	44	0.576	993300	0e0733313133070e
hudmenu	shape	474	511	511	92	12	0.441	2b2b2b	0001010101010101
hudmenu	shape	476	513	513	92	12	0.445	2b2b2b	0003016101410141
hudmenu	shape	478	515	515	92	12	0.448	2b2b2b	00290169010d0115
hudmenu	shape	480	517	517	92	13	0.420	2b2b2b	00330171030d410c
hudmenu	shape	482	519	519	92	13	0.426	2a2a2a	0007016107076106
hudmenu	shape	484	521	521	92	14	0.398	2a2a2a	000f7171310f710f
hudmenu	shape	486	523	523	92	14	0.402	2a2a2a	0007796161076107
hudmenu	shape	488	525	525	92	14	0.408	2a2a2a	000f7171710f710f
hudmenu	shape	490	527	527	92	14	0.416	2a2a2a	000f7171690f710f
hudmenu	shape	492	529	529	92	15	0.387	2b2b2b	000f71712b330f00
hudmenu	shape	494	531	531	92	15	0.390	2d2d2d	000f717133330f08
hudmenu	shape	496	533	533	92	16	0.371	2e2e2e	000f717133330f0c
hudmenu	shape	498	535	535	92	16	0.375	2e2e2e	080f717133210f0c
hudmenu	shape	500	537	537	92	16	0.371	2f2f2f	0c0f71717145070c
hudmenu	shape	502	539	539	92	16	0.384	303030	0e077171714d070c
hudmenu	shape	504	541	541	92	17	0.372	303030	0e0371697145030f
hudmenu	shape	506	543	543	92	17	0.377	303030	0e03697171550f0f
hudmenu	shape	508	545	545	92	18	0.361	313131	000f6d7171510f0f
hudmenu	shape	510	547	547	92	18	0.367	323232	0c07557171710f0f
hudmenu	shape	512	549	549	92	18	0.372	323232	0c07717171610f0f
hudmenu	shape	514	551	551	92	18	0.377	323232	0e07717171610f0f
hudmenu	shape	516	553	553	92	18	0.382	333333	0e07797171610f0f
hudmenu	shape	518	555	555	92	19	0.366	333333	0e07797171170b0e
hudmenu	shape	520	557	557	92	20	0.354	323232	000f697171170f0e
hudmenu	shape	522	559	559	92	20	0.359	323232	0c076d7171170f0f
hudmenu	shape	524	561	561	92	20	0.361	323232	0c174d7171130f0f
hudmenu	shape	526	563	563	92	20	0.365	323232	0c17457171330f0f
hudmenu	shape	528	565	565	92	20	0.370	323232	0c17457171330f0f
hudmenu	shape	530	567	567	92	21	0.357	323232	0e1f457171170f0e
hudmenu	shape	532	569	569	92	21	0.362	313131	0e0f456971130f0e
hudmenu	shape	534	571	571	92	22	0.349	313131	080f617171330f0e
hudmenu	shape	536	573	573	92	22	0.353	313131	0c07717171330f0e
hudmenu	shape	538	575	575	92	22	0.357	303030	0c17717171330f0e
hudmenu	shape	540	577	577	92	22	0.360	303030	0c17697171310f0e
hudmenu	shape	542	579	579	92	23	0.348	303030	0e17697171330f0e
hudmenu	shape	544	581	581	92	23	0.350	313131	0e0f697171330f0e
hudmenu	shape	546	583	583	92	24	0.339	313131	0e0f4d7171330f0e
hudmenu	shape	548	585	585	92	24	0.342	303030	0e17457171330f0e
hudmenu	shape	550	587	587	92	24	0.345	303030	0e17557171330f0e
hudmenu	shape	552	589	589	92	24	0.348	303030	0e13557171330f0e
hudmenu	shape	554	591	591	92	25	0.337	303030	0e334d7171330f0e
hudmenu	shape	556	593	593	92	25	0.340	303030	0e3b4d7171330f0e
hudmenu	shape	558	595	595	92	26	0.330	313131	0e0f697171330f0e
hudmenu	shape	560	597	597	92	26	0.333	303030	0e174d7171330f0f
hudmenu	shape	562	599	599	92	26	0.335	303030	0e174d7071330f0f
hudmenu	shape	564	601	601	92	26	0.336	303030	0e17557071310f0f
hudmenu	shape	566	603	603	92	26	0.339	313131	0e174d7071310f0f
hudmenu	shape	568	605	605	92	27	0.329	313131	0e134d7071330f0e
hudmenu	shape	570	607	607	92	28	0.321	313131	0e0f4d7071330f0e
hudmenu	shape	572	609	609	92	28	0.323	313131	0e174d7071330f0e
hudmenu	shape	574	611	611	92	28	0.325	313131	0e174d7071310f0e
hudmenu	shape	576	613	613	92	28	0.328	313131	0e174d7071310f0e
hudmenu	shape	578	615	615	92	28	0.330	313131	0e174d7071310f0f
hudmenu	shape	580	617	617	92	29	0.322	313131	0e174df071330f0e
hudmenu	shape	582	619	619	92	29	0.324	313131	0e0f4df071330f0e
hudmenu	shape	584	621	621	92	30	0.314	313131	0c1f4df060710f0e
hudmenu	shape	586	623	623	92	30	0.317	313131	0e1755f060710f0e
hudmenu	shape	588	625	625	92	30	0.319	313131	0e1755f060710f0e
hudmenu	shape	590	627	627	92	30	0.321	313131	0e1755f06071070e
hudmenu	shape	592	629	629	92	31	0.313	313131	0e1771f070330f0e
hudmenu	shape	594	631	631	92	31	0.316	313131	0e1771f070310f0e
hudmenu	shape	596	633	633	92	32	0.308	313131	0e0f73f060310f0e
hudmenu	shape	598	635	635	92	32	0.310	313131	0e1773f060310f0e
hudmenu	shape	600	637	637	92	32	0.312	313131	0e1333e060310f0e
hudmenu	shape	602	639	639	92	32	0.314	313131	0e3333e060710f0e
hudmenu	shape	604	641	641	92	33	0.305	323232	0e3333e0e071070e
hudmenu	shape	606	643	643	92	33	0.308	323232	0e2b33e0e071170e
hudmenu	shape	608	645	645	92	34	0.301	323232	0e0f3370e071170e
hudmenu	shape	610	647	647	92	34	0.303	323232	0e173370e071170e
hudmenu	shape	612	649	649	92	34	0.305	323232	0e173370e071170e
hudmenu	shape	614	651	651	92	34	0.307	323232	0e1333f0e071170f
hudmenu	shape	616	653	653	92	34	0.309	323232	0e3333e0e071170f
hudmenu	shape	618	655	655	92	35	0.302	323232	0e3b71e0e071170e
hudmenu	shape	620	657	657	92	36	0.296	323232	0e0f33e0e071170e
hudmenu	shape	622	659	659	92	36	0.298	323232	0e0f33e0e071170e
hudmenu	shape	624	661	661	92	36	0.298	323232	0e1733e0e071170e
hudmenu	shape	626	663	663	92	36	0.300	323232	0e1731e0e071170e
hudmenu	shape	628	665	665	92	36	0.302	333333	0e1731e0e071170e
hudmenu	shape	630	667	667	92	37	0.296	323232	0e1b31e0e071170e
hudmenu	shape	632	669	669	92	37	0.298	333333	0e0b71e0e071170e
hudmenu	shape	634	671	671	92	38	0.292	333333	0e0f31e0e071170e
hudmenu	shape	636	673	673	92	38	0.294	333333	0e1731e0e071170e
hudmenu	shape	638	675	675	92	38	0.296	333333	0e1771e0e071170e
hudmenu	shape	640	677	677	92	38	0.297	333333	0e1771e0e071170e
hudmenu	shape	642	679	679	92	39	0.291	333333	0e1771e0e071170e
hudmenu	shape	644	681	681	92	39	0.292	333333	0e0f71e0e071170e
hudmenu	shape	646	683	683	92	40	0.287	333333	0e0f71e0e071170e
hudmenu	shape	647	684	684	34	34	0.210	757575	0e1331616161330f
hudmenu	shape	648	685	685	92	40	0.289	333333	0e0f71e0e071170e
hudmenu	shape	649	686	686	34	34	0.216	747474	0e1331616161330f
hudmenu	shape	650	687	687	92	40	0.290	333333	0e0f71e0e071170e
hudmenu	shape	651	688	688	35	34	0.215	757575	0e1731616161330f
hudmenu	shape	652	689	689	92	40	0.292	343434	0e0f71e0e071170e
hudmenu	shape	653	690	690	35	35	0.214	757575	0e1371616171330e
hudmenu	shape	654	691	691	92	41	0.286	343434	0e0f71e0e071170e
hudmenu	shape	655	692	692	35	35	0.219	757575	0e1371616171330e
hudmenu	shape	656	693	693	92	41	0.289	343434	0e0f71e0e071130e
hudmenu	shape	657	694	694	35	35	0.224	767676	0e3371616171330e
hudmenu	shape	659	696	696	35	35	0.228	767676	0e3371616161330f
hudmenu	shape	660	697	697	92	42	0.285	343434	0e0f71e0e071330e
hudmenu	shape	661	698	698	36	36	0.220	757575	0e3371616161330f
hudmenu	shape	662	699	699	92	42	0.287	343434	0e0f71e0e071330e
hudmenu	shape	663	700	700	36	36	0.226	767676	0e3371614161330f
hudmenu	shape	664	701	701	92	42	0.287	343434	0e0f71e0e071330e
hudmenu	shape	667	704	704	37	37	0.224	757575	0e3361616161330e
hudmenu	shape	668	705	705	92	43	0.284	343434	0e0f71e0e071170e
hudmenu	shape	669	706	706	37	37	0.229	777777	0e3361614161330f
hudmenu	shape	670	707	707	92	44	0.279	343434	0e0f71e0e071170e
hudmenu	shape	671	708	708	37	37	0.234	767676	0e3361414161330f
hudmenu	shape	672	709	709	92	44	0.281	353535	0e0f71e0c071130e
hudmenu	shape	673	710	710	69	22	0.158	00ffcc	2223616161616123
hudmenu	shape	674	711	711	174	174	0.258	ffffff	0f0f0f0f0f0f0f0f
hudmenu	shape	686	723	723	261	6	0.431	3b3c3d	0000010101010100
hudmenu	shape	693	730	730	427	32	0.513	3a3738	0101010101010101
hudmenu	shape	694	731	731	373	24	0.878	00ff00	0101010101010101
hudmenu	shape	695	732	732	367	19	0.477	270202	0f0f0f0f0f0f0f0f
hudmenu	shape	697	734	734	368	20	0.841	9a1c1c	0101010101010101
hudmenu	shape	699	736	736	196	26	0.000	000000	0000000000000000
hudmenu	shape	702	739	739	367	26	0.000	000000	0000000000000000
hudmenu	shape	706	751	751	370	20	0.866	1a26a2	0101010101010101
hudmenu	shape	708	744	744	196	24	0.000	000000	0000000000000000
hudmenu	shape	711	747	747	370	28	0.000	000000	0000000000000000
hudmenu	shape	713	754	754	326	30	0.291	b2c8ff	0101018080010101
hudmenu	shape	717	759	759	370	20	0.866	196633	0101010101010101
hudmenu	shape	720	762	762	438	40	0.314	acedb1	0101018080010101
hudmenu	shape	724	767	767	258	15	0.465	323233	0001010101010101
hudmenu	shape	726	769	769	384	26	0.818	00ff00	010101010101018d
hudmenu	shape	728	771	771	380	20	0.836	333333	0101010101010101
hudmenu	shape	730	773	773	380	20	0.848	7c859c	0101010101010101
hudmenu	shape	734	777	777	380	20	0.000	000000	0000000000000000
hudmenu	shape	743	786	786	201	26	0.000	000000	0000000000000000
hudmenu	shape	751	794	794	20	19	0.414	545454	587c674b49675e58
hudmenu	shape	757	800	800	233	7	0.549	4f0e0e	0000010101010100
hudmenu	shape	759	802	802	32	7	0.538	7a6520	0000010101010100
hudmenu	shape	762	805	805	233	7	0.449	474748	0000010101010100
hudmenu	shape	764	807	807	69	12	0.759	373738	0001010101010101
hudmenu	shape	766	809	809	15	12	0.379	252626	0003072e1c387060
hudmenu	shape	768	811	811	26	22	0.628	363737	34572b3b2d355736
hudmenu	shape	770	813	813	69	12	0.759	373738	0001010101010101
hudmenu	shape	772	815	815	15	12	0.379	242526	00011d0b05030101
hudmenu	shape	774	817	817	26	22	0.628	363737	11132b234b131711
hudmenu	shape	779	822	822	14	14	0.000	000000	0000000000000000
hudmenu	shape	783	826	826	91	92	0.074	444545	0c0c0c33330c0c08
hudmenu	shape	784	827	827	28	39	0.141	454546	0c0c0e0e0e0f0f0f
hudmenu	shape	788	831	831	39	27	0.147	444545	0101010303010101
