source	kind	le_id	se_id	w	h	cov	rgb	dhash
startmenu	shape	24	0	15	16	0.268	000000	4161330d13333121
startmenu	shape	26	0	18	17	0.420	bbbdbf	0c070706060d2d03
startmenu	shape	28	0	15	15	0.592	000000	0003414141410101
startmenu	shape	47	0	41	17	0.207	000000	617355332a160c0c
startmenu	shape	50	0	330	837	0.576	000000	0101010101010101
startmenu	shape	62	0	11	16	0.711	f2f2f2	0101010101010101
startmenu	shape	65	0	15	20	0.251	333333	080c162b15154d41
startmenu	shape	69	0	15	28	0.688	333333	0101010101010101
startmenu	shape	78	0	621	292	0.262	bbbdbf	182c6ceeca4c3818
startmenu	shape	8	0	19	17	0.338	000000	080c0c0607030301
startmenu	shape	85	0	342	837	0.581	000000	0101010101010101
startmenu	shape	91	0	31	33	0.218	ffffff	011509564a291501
loadingmenu	shape	10	0	180	21	0.883	990000	0101010101010101
loadingmenu	shape	5	0	223	25	0.403	000000	0101010101010101
hudmenu	shape	130	0	15	16	0.290	000000	4161330313333121
hudmenu	shape	132	0	18	17	0.381	bbbdbf	0c176f5e564d2d03
hudmenu	shape	140	0	9	9	0.179	000000	000e366363321e00
hudmenu	shape	142	0	25	45	0.357	bbbdbf	0c0e070307060e0c
hudmenu	shape	144	0	40	71	0.834	aaacae	0f03010101010101
hudmenu	shape	146	0	40	71	0.834	aaacae	0f03010101010101
hudmenu	shape	149	0	26	53	0.421	000000	0c0e4d2b33130303
hudmenu	shape	152	0	34	44	0.477	bcbec0	11c1c1131c0d1b0e
hudmenu	shape	154	0	46	44	0.519	000000	0c0e070301013333
hudmenu	shape	156	0	29	44	0.694	bcbec0	230101010103070e
hudmenu	shape	159	0	42	44	0.650	bcbec0	010101030303070c
hudmenu	shape	162	0	36	44	0.715	000000	010101010103070e
hudmenu	shape	164	0	36	44	0.625	bcbec0	161607010101070e
hudmenu	shape	166	0	54	44	0.604	000000	3303010103070e0c
hudmenu	shape	168	0	36	44	0.588	bcbec0	0303010101010103
hudmenu	shape	170	0	32	44	0.686	bcbec0	310101010103070e
hudmenu	shape	172	0	32	44	0.478	bcbec0	0c0e06060701030f
hudmenu	shape	174	0	30	44	0.656	000000	0f0301010103070e
hudmenu	shape	176	0	34	44	0.648	bcbec0	550307070301010f
hudmenu	shape	178	0	30	42	0.646	000000	3c0f01010103070e
hudmenu	shape	180	0	30	44	0.522	000000	0c0e06070101030f
hudmenu	shape	182	0	42	44	0.571	000000	230303030f4d070e
hudmenu	shape	184	0	36	44	0.504	bcbec0	0c0e060607010333
hudmenu	shape	186	0	32	44	0.596	bcbec0	0e07030303030301
hudmenu	shape	188	0	32	44	0.443	000000	0c0f0f0c0f03030f
hudmenu	shape	190	0	44	36	0.561	000000	0e0703016d4d0d0f
hudmenu	shape	192	0	30	44	0.631	bcbec0	1c0f030101010107
hudmenu	shape	194	0	44	44	0.475	000000	0c0c0e070301070e
hudmenu	shape	196	0	45	44	0.552	bcbec0	0c4f45464c4d0133
hudmenu	shape	198	0	44	42	0.531	000000	080c0f030101010f
hudmenu	shape	200	0	28	44	0.563	bcbec0	0f03070703030301
hudmenu	shape	202	0	34	44	0.737	000000	070101010103030f
hudmenu	shape	204	0	38	44	0.561	bcbec0	0c0e060703030101
hudmenu	shape	206	0	42	44	0.453	bcbec0	0c0c0f0303030f0c
hudmenu	shape	208	0	44	38	0.499	bcbec0	6171333311333363
hudmenu	shape	210	0	24	44	0.685	bcbec0	7f3f01010101030e
hudmenu	shape	212	0	32	40	0.637	000000	0f03313131311111
hudmenu	shape	216	0	36	44	0.465	bcbec0	2333170f0307060e
hudmenu	shape	218	0	22	44	0.652	000000	0f0301010103030f
hudmenu	shape	220	0	36	42	0.634	000000	0e07030103010307
hudmenu	shape	222	0	26	44	0.459	000000	0c0e070303070e0c
hudmenu	shape	224	0	40	40	0.484	000000	1b3331454e973333
hudmenu	shape	226	0	44	44	0.693	000000	0c0e060606070169
hudmenu	shape	228	0	34	44	0.534	bcbec0	080d0303070b0909
hudmenu	shape	230	0	32	45	0.410	000000	33331303070e070e
hudmenu	shape	232	0	22	42	0.643	000000	010101010307060e
hudmenu	shape	234	0	24	44	0.580	000000	0c0f03010101454d
hudmenu	shape	236	0	34	42	0.624	000000	0c0f06050501010f
hudmenu	shape	238	0	28	44	0.592	000000	0e0301010101070e
hudmenu	shape	240	0	34	44	0.451	000000	0c0c0e0703010f0c
hudmenu	shape	242	0	28	44	0.639	000000	010101010101070e
hudmenu	shape	244	0	32	42	0.409	000000	160e0c0e07133331
hudmenu	shape	246	0	42	44	0.446	000000	0c0e0f0313111313
hudmenu	shape	248	0	34	44	0.475	000000	160e06070303070e
hudmenu	shape	250	0	36	42	0.498	000000	040607070303030f
hudmenu	shape	252	0	30	44	0.520	000000	181c0e070101070e
hudmenu	shape	254	0	34	44	0.477	000000	11c1c1131c0d1b0e
hudmenu	shape	256	0	46	44	0.519	000000	0c0e070301013333
hudmenu	shape	258	0	29	44	0.694	000000	230101010103070e
hudmenu	shape	261	0	42	44	0.650	000000	010101030303070c
hudmenu	shape	264	0	36	44	0.715	bcbec0	010101010103070e
hudmenu	shape	266	0	36	44	0.625	000000	161607010101070e
hudmenu	shape	268	0	54	44	0.604	000000	3303010103070e0c
hudmenu	shape	270	0	36	44	0.588	000000	0303010101010103
hudmenu	shape	272	0	32	44	0.686	000000	310101010103070e
hudmenu	shape	274	0	32	44	0.478	000000	0c0e06060701030f
hudmenu	shape	276	0	30	44	0.656	bcbec0	0f0301010103070e
hudmenu	shape	278	0	34	44	0.648	bcbec0	550307070301010f
hudmenu	shape	280	0	30	42	0.646	000000	3c0f01010103070e
hudmenu	shape	282	0	30	44	0.522	bcbec0	0c0e06070101030f
hudmenu	shape	284	0	42	44	0.581	bcbec0	230303030f4d070e
hudmenu	shape	286	0	36	44	0.504	000000	0c0e060607010333
hudmenu	shape	288	0	32	44	0.596	bcbec0	0e07030303030301
hudmenu	shape	290	0	32	44	0.443	000000	0c0f0f0c0f03030f
hudmenu	shape	292	0	44	36	0.561	bcbec0	0e0703016d4d0d0f
hudmenu	shape	294	0	30	44	0.631	000000	1c0f030101010107
hudmenu	shape	296	0	44	44	0.475	000000	0c0c0e070301070e
hudmenu	shape	298	0	45	44	0.553	bcbec0	0c4f45464c4d0133
hudmenu	shape	300	0	44	42	0.531	bcbec0	080c0f030101010f
hudmenu	shape	302	0	28	44	0.563	bcbec0	0f03070703030301
hudmenu	shape	304	0	34	44	0.736	bcbec0	070101010103030f
hudmenu	shape	306	0	38	44	0.561	bcbec0	0c0e060703030101
hudmenu	shape	308	0	42	44	0.453	000000	0c0c0f0303030f0c
hudmenu	shape	310	0	44	38	0.498	000000	6171333311333363
hudmenu	shape	312	0	24	44	0.685	bcbec0	7f3f01010101030e
hudmenu	shape	314	0	32	40	0.637	bcbec0	0f03313131311111
hudmenu	shape	316	0	42	42	0.666	000000	0e07010103030301
hudmenu	shape	318	0	36	44	0.465	000000	2333170f0307060e
hudmenu	shape	320	0	22	44	0.652	bcbec0	0f0301010103030f
hudmenu	shape	322	0	36	42	0.634	000000	0e07030103010307
hudmenu	shape	324	0	26	44	0.459	000000	0c0e070303070e0c
hudmenu	shape	326	0	40	40	0.484	000000	1b3331454e973333
hudmenu	shape	328	0	44	44	0.693	bcbec0	0c0e060606070169
hudmenu	shape	330	0	34	44	0.534	000000	080d0303070b0909
hudmenu	shape	332	0	32	45	0.410	000000	33331303070e070e
hudmenu	shape	334	0	22	42	0.644	000000	010101010307060e
hudmenu	shape	336	0	24	44	0.579	000000	0c0f03010101454d
hudmenu	shape	338	0	34	42	0.622	000000	0c0f060505010107
hudmenu	shape	340	0	28	44	0.592	000000	0e0301010101070e
hudmenu	shape	342	0	34	44	0.451	000000	0c0c0e0703010f0c
hudmenu	shape	344	0	28	44	0.635	000000	010101010101070e
hudmenu	shape	346	0	32	42	0.408	000000	160e0c0e07133331
hudmenu	shape	348	0	42	45	0.436	000000	0c0e0f0313111313
hudmenu	shape	350	0	34	44	0.475	000000	160e06070303070e
hudmenu	shape	352	0	36	43	0.486	000000	040607070303030f
hudmenu	shape	354	0	30	44	0.520	000000	181c0e070101070e
hudmenu	shape	356	0	25	45	0.356	000000	0c0e070307060e0c
hudmenu	shape	357	0	24	45	0.399	bbbdbf	0c0f0b0d0f070e1c
hudmenu	shape	372	0	223	25	0.398	000000	0101010101010101
hudmenu	shape	373	0	232	30	0.000	000000	0000000000000000
hudmenu	shape	380	0	4	22	0.203	990000	0a0a0a0a0a0a0a0a
hudmenu	shape	395	0	358	25	0.169	990000	0180808080808001
hudmenu	shape	416	0	366	30	0.738	010101	0101010101010101
hudmenu	shape	418	0	293	36	0.938	00ccff	0101010101010101
hudmenu	shape	423	0	27	45	0.322	bbbdbf	61170f060e0c0c08
hudmenu	shape	431	0	91	92	0.068	000000	080c0c3333040c08
hudmenu	shape	432	0	28	39	0.142	000000	0c0c0e060607030f
hudmenu	shape	434	0	39	27	0.221	d0d2d3	40607f03017f6060
hudmenu	shape	436	0	27	39	0.145	d0d2d3	0e73331616140c0c
hudmenu	shape	438	0	39	27	0.111	000000	0101010101010101
hudmenu	shape	443	0	12	12	0.245	000000	000e0331392b070e
hudmenu	shape	444	0	95	44	0.576	993300	0e0733313133070e
hudmenu	shape	447	0	8	8	0.218	000000	0006030303030600
hudmenu	shape	449	0	8	8	0.247	000000	0006030303030600
hudmenu	shape	451	0	8	8	0.277	000000	0006030301030700
hudmenu	shape	453	0	8	9	0.272	000000	0006030101030700
hudmenu	shape	455	0	10	9	0.239	000000	0007030101010304
hudmenu	shape	457	0	10	10	0.231	000000	0000070301010306
hudmenu	shape	459	0	10	10	0.252	000000	0004030101010306
hudmenu	shape	461	0	10	10	0.272	000000	0006030101010306
hudmenu	shape	463	0	10	10	0.298	000000	0006030101010307
hudmenu	shape	465	0	10	10	0.324	000000	0006030101010107
hudmenu	shape	467	0	11	11	0.289	000000	000e030101030608
hudmenu	shape	469	0	12	11	0.283	000000	000e03010103060c
hudmenu	shape	471	0	12	12	0.276	000000	000603010103070c
hudmenu	shape	473	0	12	12	0.295	000000	000e03010103070c
hudmenu	shape	475	0	12	12	0.317	000000	000f03010101030e
hudmenu	shape	477	0	12	12	0.337	000000	000f03010101030e
hudmenu	shape	479	0	12	13	0.331	000000	000f010101010f00
hudmenu	shape	481	0	13	13	0.324	000000	000e030303030708
hudmenu	shape	483	0	14	13	0.318	000000	000f03010103070c
hudmenu	shape	485	0	14	14	0.313	000000	000f03010103070e
hudmenu	shape	487	0	14	14	0.330	000000	000f03010103030e
hudmenu	shape	489	0	14	14	0.349	000000	000f03010101030e
hudmenu	shape	491	0	14	14	0.368	000000	000f03010101030e
hudmenu	shape	493	0	15	15	0.337	000000	000f030303030f00
hudmenu	shape	495	0	15	15	0.354	000000	000f030303030f08
hudmenu	shape	497	0	16	16	0.327	000000	000f03010103070c
hudmenu	shape	499	0	16	16	0.343	000000	0c0f03010103070e
hudmenu	shape	501	0	16	16	0.359	000000	0c0703010103070e
hudmenu	shape	503	0	16	16	0.375	000000	0e0703010103070e
hudmenu	shape	505	0	16	16	0.392	000000	0e0703010103070e
hudmenu	shape	507	0	17	17	0.363	000000	0e0703030303070e
hudmenu	shape	509	0	17	17	0.379	000000	0e0703030303070e
hudmenu	shape	511	0	18	18	0.352	000000	000f03030103070e
hudmenu	shape	513	0	18	18	0.366	000000	080f03030103070e
hudmenu	shape	515	0	18	18	0.382	000000	0c0703010103030e
hudmenu	shape	517	0	18	18	0.397	000000	0c0703010103030e
hudmenu	shape	519	0	19	19	0.371	000000	0e0703010103070e
hudmenu	shape	521	0	19	19	0.385	000000	0e0703010103070e
hudmenu	shape	523	0	20	19	0.379	000000	0e0703010103070e
hudmenu	shape	525	0	20	20	0.374	000000	080f03010103070e
hudmenu	shape	527	0	20	20	0.387	000000	0c0f03010101030e
hudmenu	shape	529	0	20	20	0.401	000000	0c0701010101030f
hudmenu	shape	531	0	20	20	0.414	000000	0c0701010101030f
hudmenu	shape	533	0	21	21	0.389	000000	0c0f03010103070e
hudmenu	shape	535	0	21	21	0.402	000000	0c0703010103070e
hudmenu	shape	537	0	22	22	0.378	000000	000f03010103070e
hudmenu	shape	539	0	22	22	0.391	000000	080f03010101070e
hudmenu	shape	541	0	22	22	0.404	000000	0c0f03010101070e
hudmenu	shape	543	0	22	22	0.416	000000	0c0703010101070e
hudmenu	shape	545	0	23	23	0.393	000000	0c0703010103070e
hudmenu	shape	547	0	23	23	0.405	000000	0c0703010103070e
hudmenu	shape	549	0	23	23	0.417	000000	0e0703010103070e
hudmenu	shape	551	0	24	24	0.395	000000	0e0703010103070e
hudmenu	shape	553	0	24	24	0.407	000000	0e0703010103070e
hudmenu	shape	555	0	24	24	0.418	000000	0e0703010103070e
hudmenu	shape	557	0	24	24	0.431	000000	0e0703010101030e
hudmenu	shape	559	0	25	25	0.408	000000	0e0703010103070e
hudmenu	shape	561	0	25	25	0.420	000000	0e0703010103070e
hudmenu	shape	563	0	25	25	0.432	000000	0e0703010103030e
hudmenu	shape	565	0	26	26	0.411	000000	0e0703010103030e
hudmenu	shape	567	0	26	26	0.423	000000	0e0703010101030f
hudmenu	shape	569	0	26	26	0.435	000000	0e0703010101030f
hudmenu	shape	571	0	27	26	0.430	000000	0e0703010103030e
hudmenu	shape	573	0	27	27	0.425	000000	0e0703010103070e
hudmenu	shape	575	0	27	27	0.436	000000	0e0703010103070e
hudmenu	shape	577	0	27	27	0.447	000000	0e0703010103070e
hudmenu	shape	579	0	28	28	0.426	000000	0e0701010101030f
hudmenu	shape	581	0	28	28	0.436	000000	0e0701010101030f
hudmenu	shape	583	0	28	28	0.447	000000	0e0701010101030f
hudmenu	shape	585	0	29	29	0.426	000000	0e0703010101070e
hudmenu	shape	587	0	29	29	0.437	000000	0e0701010101070e
hudmenu	shape	589	0	29	29	0.446	000000	0e0701010101070e
hudmenu	shape	591	0	30	30	0.427	000000	0c0703010101030e
hudmenu	shape	593	0	30	30	0.436	000000	0e0703010101030e
hudmenu	shape	595	0	30	30	0.446	000000	0e0701010101030f
hudmenu	shape	597	0	31	30	0.441	000000	0e0703010101070e
hudmenu	shape	599	0	31	31	0.436	000000	0e0703010103070e
hudmenu	shape	601	0	31	31	0.446	000000	0e0703010103070e
hudmenu	shape	603	0	31	31	0.456	000000	0e0703010101070e
hudmenu	shape	605	0	32	32	0.437	000000	0e0701010101030f
hudmenu	shape	607	0	32	32	0.447	000000	0e0301010101030f
hudmenu	shape	609	0	32	32	0.456	000000	0f0301010101030f
hudmenu	shape	611	0	33	32	0.451	000000	0e0703010103030e
hudmenu	shape	613	0	33	33	0.446	000000	0e0703010101030f
hudmenu	shape	615	0	33	33	0.455	000000	0e0301010101030f
hudmenu	shape	617	0	33	33	0.466	000000	0f0301010101030f
hudmenu	shape	619	0	34	34	0.447	000000	0e0703010101030f
hudmenu	shape	621	0	34	34	0.456	000000	0e0703010101030f
hudmenu	shape	623	0	35	34	0.452	000000	0e0703010103030f
hudmenu	shape	625	0	35	35	0.447	000000	0e0703010103070e
hudmenu	shape	627	0	35	35	0.456	000000	0e0703010103070e
hudmenu	shape	629	0	35	35	0.464	000000	0e0703010103030e
hudmenu	shape	631	0	35	35	0.473	000000	0e0303010101030f
hudmenu	shape	633	0	36	36	0.455	000000	0e0701010101030f
hudmenu	shape	635	0	36	36	0.464	000000	0e0701010101030f
hudmenu	shape	637	0	37	36	0.459	000000	0e0701010101030f
hudmenu	shape	639	0	37	37	0.455	000000	0e0701010101030e
hudmenu	shape	641	0	37	37	0.464	000000	0e0701010101030f
hudmenu	shape	643	0	37	37	0.471	000000	0e0301010101030f
hudmenu	shape	645	0	69	22	0.158	00ffcc	2223616161616123
hudmenu	shape	658	0	261	6	0.461	aaacae	0000010101010100
hudmenu	shape	665	0	427	32	0.518	231f20	0101010101010101
hudmenu	shape	666	0	373	24	0.878	00ff00	0101010101010101
hudmenu	shape	685	0	326	30	0.000	000000	0000000000000000
hudmenu	shape	692	0	438	40	0.000	000000	0000000000000000
hudmenu	shape	696	0	258	15	0.481	000000	0001010101010101
hudmenu	shape	698	0	384	26	0.818	00ff00	010101010101018d
hudmenu	shape	727	0	258	16	0.750	000000	0101010101010101
hudmenu	shape	731	0	32	7	0.538	7a6520	0000010101010100
hudmenu	shape	736	0	69	12	0.800	000000	0001010101010101
hudmenu	shape	738	0	15	12	0.315	000000	0003074e5c387060
hudmenu	shape	740	0	26	22	0.473	000000	3457292f2b354f36
hudmenu	shape	742	0	69	12	0.800	000000	0001010101010101
hudmenu	shape	744	0	15	12	0.397	000000	0001010101010101
hudmenu	shape	746	0	26	22	0.473	000000	11142a0a2a520c11
hudmenu	shape	755	0	91	92	0.068	000000	080c0c3333040c08
hudmenu	shape	756	0	28	39	0.142	000000	0c0c0e060607030f
hudmenu	shape	760	0	39	27	0.221	d0d2d3	0101010101010101
